{
  "best_model": "Ensemble seuil=0.25",
  "best_model_path": "/home/tawil/mlops_hospitalisation/models/best_recall_model.pkl",
  "best_threshold_path": "/home/tawil/mlops_hospitalisation/models/best_threshold.json",
  "best_threshold": 0.25,
  "best_technique": "ensemble",
  "recall_target": 0.95,
  "min_auc_for_selection": 0.88,
  "n_optuna_trials": 50,
  "feature_cols": [
    "SP_ALZHDMTA",
    "SP_CHF",
    "SP_CHRNKIDN",
    "SP_CNCR",
    "SP_COPD",
    "SP_DEPRESSN",
    "SP_DIABETES",
    "SP_ISCHMCHT",
    "SP_OSTEOPRS",
    "SP_RA_OA",
    "SP_STRKETIA",
    "AGE",
    "SEXE_ENC",
    "RACE_ENC",
    "BENE_ESRD_IND",
    "GROUPE_AGE_ENC",
    "NB_COMORBIDITES",
    "CHARLSON_INDEX",
    "COUT_TOTAL",
    "IS_NEW_PATIENT",
    "NB_HOSP_PASSEES",
    "NB_OP_3M",
    "NB_OP_6M",
    "NB_OP_12M",
    "NB_CAR_6M",
    "NB_PRESCRIPTIONS",
    "NB_MOLECULES_UNIQUES",
    "POLYPHARMACIE"
  ],
  "n_features": 28,
  "best": {
    "name": "Ensemble seuil=0.25",
    "technique": "ensemble",
    "threshold": 0.25,
    "validation_metrics": {
      "auc_roc": 0.9409089313257901,
      "f1": 0.43985741523667415,
      "precision": 0.2832283548628163,
      "recall": 0.9840504451038575,
      "threshold": 0.25
    },
    "validation_confusion_matrix": {
      "tn": 20100,
      "fp": 6714,
      "fn": 43,
      "tp": 2653
    },
    "test_metrics": {
      "auc_roc": 0.9610662006098841,
      "f1": 0.570727049515755,
      "precision": 0.40740019474196687,
      "recall": 0.9526411657559198,
      "threshold": 0.25
    },
    "test_confusion_matrix": {
      "tn": 23836,
      "fp": 3043,
      "fn": 104,
      "tp": 2092
    },
    "params": {
      "threshold_fixed": 0.25,
      "test_classification_report": {
        "0": {
          "precision": 0.995655806182122,
          "recall": 0.8867889430410357,
          "f1-score": 0.9380743422735591,
          "support": 26879.0
        },
        "1": {
          "precision": 0.40740019474196687,
          "recall": 0.9526411657559198,
          "f1-score": 0.570727049515755,
          "support": 2196.0
        },
        "accuracy": 0.8917626827171109,
        "macro avg": {
          "precision": 0.7015280004620444,
          "recall": 0.9197150543984778,
          "f1-score": 0.7544006958946571,
          "support": 29075.0
        },
        "weighted avg": {
          "precision": 0.9512255629242516,
          "recall": 0.8917626827171109,
          "f1-score": 0.9103290402994872,
          "support": 29075.0
        }
      }
    }
  },
  "all_candidates": {
    "Baseline XGBoost": {
      "name": "Baseline XGBoost",
      "technique": "baseline_xgboost",
      "threshold": 0.5,
      "validation_metrics": {
        "auc_roc": 0.944181544684461,
        "f1": 0.33907146583202924,
        "precision": 0.5711775043936731,
        "recall": 0.2410979228486647,
        "threshold": 0.5
      },
      "validation_confusion_matrix": {
        "tn": 26326,
        "fp": 488,
        "fn": 2046,
        "tp": 650
      },
      "test_metrics": {
        "auc_roc": 0.9656849141985628,
        "f1": 0.2558898151504168,
        "precision": 0.6269982238010657,
        "recall": 0.16074681238615665,
        "threshold": 0.5
      },
      "test_confusion_matrix": {
        "tn": 26669,
        "fp": 210,
        "fn": 1843,
        "tp": 353
      },
      "params": {
        "n_estimators": 300,
        "max_depth": 5,
        "learning_rate": 0.05,
        "subsample": 0.8,
        "colsample_bytree": 0.8,
        "objective": "binary:logistic",
        "eval_metric": "aucpr",
        "tree_method": "hist",
        "random_state": 42,
        "n_jobs": -1
      }
    },
    "Seuil optimal": {
      "name": "Seuil optimal",
      "technique": "seuil_optimal",
      "threshold": 0.04977022483944893,
      "validation_metrics": {
        "auc_roc": 0.944181544684461,
        "f1": 0.5604900459418071,
        "precision": 0.3974557865342848,
        "recall": 0.9502967359050445,
        "threshold": 0.04977022483944893
      },
      "validation_confusion_matrix": {
        "tn": 22930,
        "fp": 3884,
        "fn": 134,
        "tp": 2562
      },
      "test_metrics": {
        "auc_roc": 0.9656849141985628,
        "f1": 0.6679060334629034,
        "precision": 0.5310400429991937,
        "recall": 0.8998178506375227,
        "threshold": 0.04977022483944893
      },
      "test_confusion_matrix": {
        "tn": 25134,
        "fp": 1745,
        "fn": 220,
        "tp": 1976
      },
      "params": {
        "recall_target": 0.95,
        "n_estimators": 300,
        "max_depth": 5,
        "learning_rate": 0.05,
        "subsample": 0.8,
        "colsample_bytree": 0.8,
        "objective": "binary:logistic",
        "eval_metric": "aucpr",
        "tree_method": "hist",
        "random_state": 42,
        "n_jobs": -1
      }
    },
    "scale_pos_weight": {
      "name": "scale_pos_weight",
      "technique": "scale_pos_weight",
      "threshold": 0.19272111356258392,
      "validation_metrics": {
        "auc_roc": 0.943112435286142,
        "f1": 0.5563517915309446,
        "precision": 0.39330672397912186,
        "recall": 0.9502967359050445,
        "threshold": 0.19272111356258392
      },
      "validation_confusion_matrix": {
        "tn": 22862,
        "fp": 3952,
        "fn": 134,
        "tp": 2562
      },
      "test_metrics": {
        "auc_roc": 0.9670065796450952,
        "f1": 0.6768177929854576,
        "precision": 0.5420663195395999,
        "recall": 0.900728597449909,
        "threshold": 0.19272111356258392
      },
      "test_confusion_matrix": {
        "tn": 25208,
        "fp": 1671,
        "fn": 218,
        "tp": 1978
      },
      "params": {
        "n_estimators": 300,
        "max_depth": 5,
        "learning_rate": 0.05,
        "subsample": 0.8,
        "colsample_bytree": 0.8,
        "objective": "binary:logistic",
        "eval_metric": "aucpr",
        "tree_method": "hist",
        "random_state": 42,
        "n_jobs": -1,
        "scale_pos_weight": 12.286093888396811
      }
    },
    "Optuna Recall XGB": {
      "name": "Optuna Recall XGB",
      "technique": "optuna_recall",
      "threshold": 0.5912684202194214,
      "validation_metrics": {
        "auc_roc": 0.9518075351597852,
        "f1": 0.5711737821870472,
        "precision": 0.4082868525896414,
        "recall": 0.9502967359050445,
        "threshold": 0.5912684202194214
      },
      "validation_confusion_matrix": {
        "tn": 23101,
        "fp": 3713,
        "fn": 134,
        "tp": 2562
      },
      "test_metrics": {
        "auc_roc": 0.9682708892872199,
        "f1": 0.6841004184100419,
        "precision": 0.5542372881355933,
        "recall": 0.8934426229508197,
        "threshold": 0.5912684202194214
      },
      "test_confusion_matrix": {
        "tn": 25301,
        "fp": 1578,
        "fn": 234,
        "tp": 1962
      },
      "params": {
        "max_depth": 3,
        "learning_rate": 0.01141894906788285,
        "n_estimators": 373,
        "scale_pos_weight": 19.867534609597016,
        "min_child_weight": 2,
        "subsample": 0.8708681047632936,
        "colsample_bytree": 0.9292798400097494,
        "objective": "binary:logistic",
        "eval_metric": "aucpr",
        "tree_method": "hist",
        "random_state": 42,
        "n_jobs": -1
      }
    },
    "SMOTE": {
      "name": "SMOTE",
      "technique": "smote",
      "threshold": 0.40232089161872864,
      "validation_metrics": {
        "auc_roc": 0.9494891475709465,
        "f1": 0.5702203427553972,
        "precision": 0.40731319554848966,
        "recall": 0.9502967359050445,
        "threshold": 0.40232089161872864
      },
      "validation_confusion_matrix": {
        "tn": 23086,
        "fp": 3728,
        "fn": 134,
        "tp": 2562
      },
      "test_metrics": {
        "auc_roc": 0.967242381377083,
        "f1": 0.6815507095880927,
        "precision": 0.5496929089893914,