{
  "best_model": "SoftVoting_XGB_LGBM",
  "all_info": {
    "best_model": "SoftVoting_XGB_LGBM",
    "best_model_path": "models/best_model.pkl",
    "threshold": 0.8096007351327755,
    "threshold_beta": 1.0,
    "selection_metric": "precision",
    "min_recall_for_selection": 0.5,
    "validation_metrics": {
      "auc_roc": 0.9522831575316407,
      "f1": 0.6279707495429616,
      "precision": 0.5328335056876939,
      "recall": 0.7644658753709199,
      "threshold": 0.8096007351327755
    },
    "test_metrics": {
      "auc_roc": 0.9684323089015735,
      "f1": 0.6048874909266876,
      "precision": 0.6453278265358803,
      "recall": 0.569216757741348,
      "threshold": 0.8096007351327755
    },
    "confusion_matrix_test": {
      "tn": 26192,
      "fp": 687,
      "fn": 946,
      "tp": 1250
    },
    "model_params": {
      "model": "SoftVoting_XGB_LGBM",
      "xgboost_weight": 0.3,
      "lightgbm_weight": 0.7,
      "threshold_beta": 1.0,
      "weight_selection_metric": "precision"
    },
    "high_precision_report": {
      "targets": [
        0.8,
        0.85,
        0.89,
        0.9,
        0.93
      ],
      "min_positive_predictions_validation": 50,
      "note": "Les seuils sont choisis sur validation uniquement. Le test est affiché pour controle, pas pour sélectionner le modèle.",
      "models": {
        "LogisticRegression": {
          "0.80": {
            "achievable": true,
            "threshold": 0.9999992291783242,
            "validation_metrics": {
              "auc_roc": 0.8951292301798143,
              "f1": 0.05238607822030857,
              "precision": 0.8021978021978022,
              "recall": 0.027077151335311574,
              "threshold": 0.9999992291783242
            },
            "validation_confusion_matrix": {
              "tn": 26796,
              "fp": 18,
              "fn": 2623,
              "tp": 73
            },
            "validation_predicted_positive": 91,
            "test_metrics": {
              "auc_roc": 0.8784177909624127,
              "f1": 0.025078369905956112,
              "precision": 0.7567567567567568,
              "recall": 0.012750455373406194,
              "threshold": 0.9999992291783242
            },
            "test_confusion_matrix": {
              "tn": 26870,
              "fp": 9,
              "fn": 2168,
              "tp": 28
            },
            "test_predicted_positive": 37
          },
          "0.85": {
            "achievable": false,
            "reason": "Aucun seuil validation n'atteint cette précision avec au moins 50 prédictions positives."
          },
          "0.89": {
            "achievable": false,
            "reason": "Aucun seuil validation n'atteint cette précision avec au moins 50 prédictions positives."
          },
          "0.90": {
            "achievable": false,
            "reason": "Aucun seuil validation n'atteint cette précision avec au moins 50 prédictions positives."
          },
          "0.93": {
            "achievable": false,
            "reason": "Aucun seuil validation n'atteint cette précision avec au moins 50 prédictions positives."
          }
        },
        "XGBoost": {
          "0.80": {
            "achievable": false,
            "reason": "Aucun seuil validation n'atteint cette précision avec au moins 50 prédictions positives."
          },
          "0.85": {
            "achievable": false,
            "reason": "Aucun seuil validation n'atteint cette précision avec au moins 50 prédictions positives."
          },
          "0.89": {
            "achievable": false,
            "reason": "Aucun seuil validation n'atteint cette précision avec au moins 50 prédictions positives."
          },
          "0.90": {
            "achievable": false,
            "reason": "Aucun seuil validation n'atteint cette précision avec au moins 50 prédictions positives."
          },
          "0.93": {
            "achievable": false,
            "reason": "Aucun seuil validation n'atteint cette précision avec au moins 50 prédictions positives."
          }
        },
        "LightGBM": {
          "0.80": {
            "achievable": false,
            "reason": "Aucun seuil validation n'atteint cette précision avec au moins 50 prédictions positives."
          },
          "0.85": {
            "achievable": false,
            "reason": "Aucun seuil validation n'atteint cette précision avec au moins 50 prédictions positives."
          },
          "0.89": {
            "achievable": false,
            "reason": "Aucun seuil validation n'atteint cette précision avec au moins 50 prédictions positives."
          },
          "0.90": {
            "achievable": false,
            "reason": "Aucun seuil validation n'atteint cette précision avec au moins 50 prédictions positives."
          },
          "0.93": {
            "achievable": false,
            "reason": "Aucun seuil validation n'atteint cette précision avec au moins 50 prédictions positives."
          }
        },
        "CatBoost": {
          "0.80": {
            "achievable": true,
            "threshold": 0.9587056987626222,
            "validation_metrics": {
              "auc_roc": 0.9510646233344155,
              "f1": 0.04960460100647016,
              "precision": 0.8023255813953488,
              "recall": 0.02559347181008902,
              "threshold": 0.9587056987626222
            },
            "validation_confusion_matrix": {
              "tn": 26797,
              "fp": 17,
              "fn": 2627,
              "tp": 69
            },
            "validation_predicted_positive": 86,
            "test_metrics": {
              "auc_roc": 0.9666604541800395,
              "f1": 0.0018181818181818182,
              "precision": 0.5,
              "recall": 0.0009107468123861566,
              "threshold": 0.9587056987626222
            },
            "test_confusion_matrix": {
              "tn": 26877,
              "fp": 2,
              "fn": 2194,
              "tp": 2
            },
            "test_predicted_positive": 4
          },
          "0.85": {
            "achievable": false,
            "reason": "Aucun seuil validation n'atteint cette précision avec au moins 50 prédictions positives."
          },
          "0.89": {
            "achievable": false,
            "reason": "Aucun seuil validation n'atteint cette précision avec au moins 50 prédictions positives."
          },
          "0.90": {
            "achievable": false,
            "reason": "Aucun seuil validation n'atteint cette précision avec au moins 50 prédictions positives."
          },
          "0.93": {
            "achievable": false,
            "reason": "Aucun seuil validation n'atteint cette précision avec au moins 50 prédictions positives."
          }
        },
        "RandomForest_Bagging": {
          "0.80": {
            "achievable": true,
            "threshold": 0.946346567193161,
            "validation_metrics": {
              "auc_roc": 0.9449194558558032,
              "f1": 0.11691884456671252,
              "precision": 0.8018867924528302,
              "recall": 0.06305637982195846,
              "threshold": 0.946346567193161
            },
            "validation_confusion_matrix": {
              "tn": 26772,
              "fp": 42,
              "fn": 2526,
              "tp": 170
            },
            "validation_predicted_positive": 212,
            "test_metrics": {
              "auc_roc": 0.9627120606135396,
              "f1": 0.018867924528301886,
              "precision": 0.7,
              "recall": 0.009562841530054645,
              "threshold": 0.946346567193161
            },
            "test_confusion_matrix": {
              "tn": 26870,
              "fp": 9,
              "fn": 2175,
              "tp": 21
            },
            "test_predicted_positive": 30
          },
          "0.85": {
            "achievable": false,